text,created_date,rubrics
"Сегодня в парке Горького открылся новый каток. Вход свободный до конца недели.",2019-12-14 11:20:00,"['VK-1603736028819866', 'VK-12']"
"Моя кошка научилась открывать холодильник. Кто сталкивался, как отучить?",2019-11-02 09:15:31,"['VK-1603736028819866']"
"Продам велосипед Stels, почти новый, катался один сезон. Цена договорная.",2019-08-21 18:44:12,"['VK-98']"
"Котята ищут дом! Три кошечки и один кот, приучены к лотку.",2020-01-10 14:03:55,"['VK-1603736028819866', 'VK-77']"
"Футбольный матч перенесли из-за погоды, билеты действительны на новую дату.",2019-10-05 20:30:00,"['VK-45']"
"В центре города ограничат движение в выходные из-за марафона.",2019-09-14 07:50:10,"['VK-12']"
"Рецепт шарлотки: яблоки, три яйца, стакан сахара и стакан муки. Выпекать 40 минут.",2019-07-04 19:30:46,"['VK-31']"
"Нашли собаку возле метро Сокол, рыжая, в ошейнике. Ищем хозяев.",2019-12-01 16:22:08,"['VK-77']"
"Ремонт дороги на Ленинском проспекте продлится до декабря.",2019-08-30 10:11:42,"['VK-12', 'VK-45']"
"Кот соседа каждое утро сидит у нас на балконе и ждёт завтрак.",2020-02-18 08:05:17,"['VK-1603736028819866']"
"Ищу репетитора по математике для школьника 8 класса.",2019-09-01 12:00:00,"['VK-98']"
"Сборная выиграла товарищеский матч по футболу со счётом 2:1.",2019-11-20 22:15:03,"['VK-45']"
